Тип школы;Школа;Адрес;Телефон;Директор;Сайт;Долгота;Широта
Вечерняя;МБОУ "Вечерняя (сменная) общеобразовательная школа № 16";г.Пермь, ул.Писарева, 35;284-93-06;Директор: Петрова Светлана Васильевна;http://school16.permedu.ru;56.303213;58.111706
Вечерняя;МБОУ "Вечерняя (сменная) общеобразовательная школа № 5";г.Пермь, ул.Куйбышева, 83;280-95-65;Директор: Соколова Ольга Юрьевна;http://vschool5.ru/;56.246224;57.994784
Статусная;МБОУ "Гимназия № 11 им.С.П.Дягилева";г.Пермь, ул. Сибирская, 33;212-62-61;Директор: Зобачева Раиса Дмитриевна;http://www.diaghilev.perm.ru;56.250491;58.008843
Статусная;МБОУ "Гимназия № 17";г.Пермь, ул.Ленина, 31;210-88-55;Директор: Падей Элеонора Николаевна;http://school17.prm.ru;56.242397;58.012567
Статусная;МАОУ "Гимназия № 2";г.Пермь, ул.Старцева, 1а;266-28-96;Директор: Суханова Людмила Андреевна;http://www.himnasy2.perm.ru;56.310983;58.010898
Статусная;МАОУ "Гимназия № 3";г.Пермь, ул.Звенигородская, 11;285-03-79, 285-03-80;Директор: Новикова Татьяна Владимировна;http://gimnaziya3perm.ucoz.ru/;56.309591;58.110998
Статусная;МАОУ "Гимназия № 31";г.Пермь, ул.Подлесная, 37;222-62-95;Директор: Серикова Людмила Владиславовна;http://www.gym31.perm.ru;56.159887;57.995891
Статусная;МАОУ "Гимназия № 33";г.Пермь, ул.Островского, 68;262-85-11;Директор: Мельчакова Нина Яковлевна;http://school33.perm.ru;56.270389;58.003393
Статусная;МБОУ "Гимназия № 4 им.братьев Каменских";г.Пермь, ул. Плеханова, 41;236-85-46;Директор: Дьякова Татьяна Михайловна;http://Kamensky.perm.ru/;56.206545;58.003221
Статусная;МАОУ "Гимназия № 5";г.Пермь, ул.Ким, 90;281-96-55;Директор: Москалева Елена Андреевна;http://gimnaz5.narod.ru;56.282417;58.017277
Статусная;МАОУ "Гимназия № 6";г.Пермь, ул.Федосеева,16;284-01-21, 284-02-03;Директор: Васильева Елена Анатольевна;http://gim6-perm.ru;55.943806;57.999568
Статусная;МАОУ "Гимназия № 7";г.Пермь, ул.Целинная, 29б;267-09-86;Директор: Поносов Дмитрий Павлович;http://gmn7.ru/;56.350527;58.056612
Статусная;МАОУ "Гимназия № 8";г. Пермь, ул. Закамская, 39;252-18-57;Директор: Выголова Зинаида Александровна;http://www.gymnasium8perm.ru;55.956787;58.004285
Статусная;Муниципальное автономное общеобразовательное учреждение "Гимназия № 1" г.Перми;г.Пермь, ул. Космонавта Леонова, 14;226-20-66;Директор: Казанцева Оксана Юрьевна;http://gimnaziya1-perm.ucoz.ru;56.165816;57.974319
Коррекционная;МБС(К)ОУ для обучающихся, воспитанников с ограниченными возможностями здоровья "Специальная (коррекционная) общеобразовательная школа для детей с ОВЗ №152";г.Пермь, ул.Бушмакина,18;284-60-52;Директор: Соколова Валентина Ростиславовна;http://www.school152kor.narod.ru;56.392964;58.086442
Статусная;МБОУ "Лицей № 1";г.Пермь, Дедюкина, 8а;213-53-68;Директор: Лурье Леонид Израилевич;http://lyceum1.perm.ru/;56.217199;58.050088
Статусная;МАОУ "Лицей № 10";г.Пермь, ул.Техническая, 22;281-97-80;Директор: Ивенских Ирина Валентиновна;http://www.hselyceum.perm.ru;56.291544;58.010851
Статусная;МАОУ "Лицей № 2";г.Пермь, ул.Самаркандская, 102;282-43-42;Директор: Белых Зинаида Дмитриевна;http://www.licey2.perm.ru;56.299647;57.987275
Статусная;МАОУ "Лицей № 3";г.Пермь, ул.Свиязева, 17;228-23-25;Директор: Штэфан Владимир Александрович;http://www.licey3.perm.ru;56.188992;57.963426
Статусная;МАОУ "Лицей № 4";г.Пермь, ул. Танкистов, 56;227-88-75;Директор: Иконникова Галина Федоровна;http://www.licey4.ucoz.ru/;56.207812;57.981149
Статусная;МАОУ "Лицей № 5";г.Пермь, ул.Черняховского, 51;275-39-35;Директор: Носков Николай Григорьевич;http://lyceum5.perm.ru/;56.407723;58.084348
Статусная;МАОУ "Лицей № 8";г.Пермь, ул.Леонова, 62а;229-55-45;Директор: Петрова Ирина Борисовна;http://lyceum8perm.ru/;56.175050;57.962977
Статусная;МАОУ "Лицей № 9";г.Пермь, ул.Макаренко, 25;266-69-89;Директор: Зверева Наталья Евгеньевна;http://cli.ucoz.ru;56.301344;58.009234
Статусная;МАОУ "Гимназия № 10";г.Пермь, ул.Подлесная,25;222-06-30;Директор: Груздева Ирина Викторовна;http://prm-gym10.edusite.ru;56.153626;57.994469
Общеобразовательная;МАОУ "Средняя общеобразовательная школа № 100";г.Пермь, пр.Декабристов, 35а;280-06-23;Директор: Усольцева Людмила Васильевна;http://s100-perm.narod.ru/;56.199206;57.974563
Статусная;МАОУ "Средняя общеобразовательная школа № 12 с углубленным изучением немецкого языка";г.Пермь, ул.Ю.Смирнова,10;244-05-24;Директор: Ракинцева Елена Михайловна;http://schule12.edusite.ru;56.250554;57.993181
Статусная;МАОУ "Средняя общеобразовательная школа № 132 с углубленным изучением предметов естественно-экологического профиля";г. Пермь, ул. Баумана, 16;228-09-60;Директор: Рябова Лариса Ивановна;http://school132.perm.ru/;56.190654;57.985567
Общеобразовательная;МАОУ "Средняя общеобразовательная школа № 133";г. Пермь ул. А. Гайдара, 13;282-35-17;Директор: Адамова Эльвира Вячеславовна;http://www.s133perm.narod.ru/;56.296988;57.998080
Общеобразовательная;МАОУ "Средняя общеобразовательная школа № 66";г.Пермь, ул.Читалина, 10;275-93-14;Директор: Зарницина Ольга Павловна;http://66school.ucoz.ru;56.306654;58.166226
Общеобразовательная;МАОУ "Средняя общеобразовательная школа № 94";г.Пермь, ул.Г.Хасана, 89;268-71-15;Директор: Носкова Ирина Николаевна;http://www.school94.ucoz.com;56.234195;58.010259
Статусная;МАОУ "Средняя общеобразовательная школа № 145 с углубленным изучением экономики, английского языка, математики, информатики - Экономическая школа";г.Пермь, ул. Карпинского, 87а;223-00-68;Директор: Шестакова Елена Ивановна;http://www.es145.perm.ru;56.213058;57.974687
Общеобразовательная;Муниципальное автономное общеобразовательное учреждение «Начальная школа  - детский сад № 5» г.Перми;г.Пермь, ул.Беляева,43/1;228-17-35;Директор: Губанова Роза Зыяновна;http://www.school-sad5.narod2.ru;56.168412;57.968324
Вечерняя;МБОУ "Открытая (сменная) общеобразовательная школа № 4" имени Бобкова Феликса Макаровича;г.Пермь, ул.Каспийская, 15;206-06-37;Директор: Мухина Маргарита Николаевна;http://ososh4.ucoz.ru/;56.316769;58.023050
Общеобразовательная;МБОУ "Средняя общеобразовательная школа № 134";г.Пермь, ул.Л.Шатрова, 25;268-84-49;Директор: Ростовщикова Ольга Анатольевна;http://www.школа134.рф;56.269921;57.988621
Общеобразовательная;МБОУ "Средняя общеобразовательная школа № 47";г.Пермь, ул.Восстания, 10;267-54-98;Директор: Казакова Оксана Анатольевна;http://www.школа-47.рф;56.323192;58.032486
Коррекционная;МБС(К)ОУ для обучающихся, воспитанников с ограниченными возможностями здоровья «Специальная (коррекционная) общеобразовательная школа для детей с ограниченными возможностями здоровья № 155»;г.Пермь, ул.Сысольская, 11а;252-97-22;Директор: Строганова Светлана Анатольевна;http://www.school155.ucoz.ru;55.975148;58.017482
Коррекционная;МБС(К)ОУ для обучающихся, воспитанников с отклонениями в развитии "Специальная (коррекционная) начальная школа-детский сад № 152 IV вида";г. Пермь, ул. Закамская, 52а;282-87-06;Директор: Шатунова Елена Владимировна;http://school-cad152.ru/;55.961548;58.004537
Общеобразовательная;МБОУ "Основная общеобразовательная школа № 57";г.Пермь, ул.Харьковская, 21а;260-18-68;Директор: Савенко Зоя Рушановна;http://www.scool57.ucoz.ru;56.332202;58.046940
Общеобразовательная;МАОУ "Основная общеобразовательная школа № 73";г.Пермь, ул.Ямпольская, 16;252-55-80;Директор: Лифарь Татьяна Павловна;http://www.73.59.3535.ru;55.967719;58.014798
Вечерняя;МАОУ "Открытая (сменная) общеобразовательная школа № 1";г.Пермь, ул.Генкеля, 15;237-16-23;Директор: Тафинцев Владимир Сергеевич;http://1ososh.ru;56.180880;58.007222
Общеобразовательная;МАОУ Пермская кадетская школа № 1 "Пермский кадетский корпус им.генералиссимуса А.В.Суворова";г.Пермь, ул.Гашкова, 11;267-06-26;Директор: Валиев Марат Байрамшович;http://www.кадет.росшкола.рф;56.358405;58.066234
Коррекционная;МБС(К)ОУ для обучающихся, воспитанников с ограниченными возможностями здоровья "Специальная (коррекционная) общеобразовательная школа для детей с ограниченными возможностями здоровья № 154" г.Перми;г.Пермь, ул.Пихтовая, 30а;268-04-79;Директор: Жукова Марина Юрьевна;http://www.shkola154.ru;56.278509;57.976123
Коррекционная;МБС(К)ОУ для обучающихся, воспитанников с ограниченными возможностями здоровья "Специальная (коррекционная) общеобразовательная школа № 18 VIII вида";г.Пермь,ул.Кирова, 195;236-87-14;Директор: Пушкарева Наталья Михайловна;http://korschool18.ucoz.ru;56.604867;58.055446
Коррекционная;МС(К)ОУ для обучающихся, воспитанников с отклонениями в развитии "Специальная (коррекционная) общеобразовательная школа № 20 VIII вида";г.Пермь, ул.Нефтяников, 6;226-02-02;Директор: и.о.Усольцева Ольга Анатольевна;;56.181410;57.974983
Коррекционная;МБС(К)ОУ для обучающихся, воспитанников с ограниченными возможностями здоровья "Специальная (коррекционная) общеобразовательная школа № 54 VIII вида";г.Пермь, ул.Ким, 60;265-88-03;Директор: Вшивкова Лидия Ивановна;http://school54perm.ru;56.299970;58.025185
Коррекционная;МБС(К)ОУ для обучающихся, воспитанников с ограниченными возможностями здоровья "Специальная (коррекционная) общеобразовательная школа № 9 VIII вида";г.Пермь, ул.Новосибирская, 3;242-54-32;Директор: Яницкая Татьяна Евгеньевна;http://skosh9.perm.ru;56.241777;57.963202
Общеобразовательная;МАОУ "Средняя общеобразовательная школа № 1";г.Пермь, ул.Калинина, 19;253-23-57;Директор: Нестюричева Валентина Семеновна;http://www.school1perm.ru/;56.013884;58.024985
Общеобразовательная;МАОУ "Средняя общеобразовательная школа № 10";г.Пермь, ул.Г.Успенского, 9;244-07-59;Директор: Ефимова Валентина Владимировна;http://www.school10.perm.ru/;56.244840;57.998900
Общеобразовательная;МАОУ "Средняя общеобразовательная школа № 101";г.Пермь, ул. Репина, 12;284-95-98;Директор: Лялина Екатерина Леонидовна;http://www.school101.ucoz.com;56.312834;58.113936
Статусная;МАОУ "Средняя общеобразовательная школа № 102 с углубленным изучением отдельных предметов";г.Пермь, ул.Мира, 92;226-03-80;Директор: Ларионова Наталия Александровна;http://school102.permedu.ru/;56.175068;57.975584
Статусная;МАОУ "Средняя общеобразовательная школа № 104 с углубленным изучением предметов культурологического профиля";г.Пермь, ул.Барнаульская, 4;274-26-31;Директор: Исхакова Людмила Николаевна;http://www.school104.ru;56.307588;58.106338
Общеобразовательная;МАОУ "Средняя общеобразовательная школа № 105";г.Пермь, ул.Инженерная, 5;260-23-71;Директор: Легошина Александра Сергеевна;http://www.school105.perm.ru;56.300841;58.022826
Общеобразовательная;МАОУ "Средняя общеобразовательная школа № 107";г.Пермь, ш.Космонавтов, 194;226-27-98;Директор: Ошева Марина Ефимовна;http://www.school107.perm.ru;56.137896;57.964410
Общеобразовательная;МАОУ "Средняя общеобразовательная школа № 108";г.Пермь, ул.Нефтяников, 54;221-60-20;Директор: Звегинцева Елена Анатольевна;http://school108perm.ucoz.ru/;56.163633;57.969751
Общеобразовательная;МАОУ "Средняя общеобразовательная школа № 109";г.Пермь, ул.Мира, 4;280-26-85;Директор: Шабунина Мария Афанасьевна;http://www.school109.1class.ru;56.209950;57.985672
Общеобразовательная;МАОУ "Средняя общеобразовательная школа № 111";г.Пермь, ул.Лепешинской, 43;250-75-83;Директор: Новикова Татьяна Анатольевна;http://www.mou-soh-111.ucoz.ru/;56.104182;58.046111
Общеобразовательная;МАОУ "Средняя общеобразовательная школа № 112";г.Пермь, ул.Дружбы, 18;262-49-91;Директор: Домовитова Ольга Николаевна;http://school112perm.ucoz.ru/;56.286675;58.016162
Общеобразовательная;МАОУ "Средняя общеобразовательная школа № 114";г.Пермь, ул.Крупской, 92;282-31-04;Директор: Федотова Валентина Васильевна;http://школа114.рф;56.298937;57.993811
Общеобразовательная;МАОУ "Средняя общеобразовательная школа № 115";г.Пермь, ул.Баумана, 27;221-79-90;Директор: Шевченко Зинаида Яковлевна;http://school115pm.ucoz.ru;56.185381;57.982217
Общеобразовательная;МАОУ "Средняя общеобразовательная школа № 116";г.Пермь, ул.Техническая, 10;282-67-47;Директор: Лопарев Денис Валерьевич;http://www.mousosh116.wix.com/home;56.287618;58.013707
Общеобразовательная;МАОУ "Средняя общеобразовательная школа № 118";г.Пермь, ул.Колыбалова, 44;263-23-18;Директор: Трусова Виктория Рудольфовна;http://perm118.h16.ru/;56.352396;58.037279
Общеобразовательная;МАОУ "Средняя общеобразовательная школа № 119";г.Пермь, ул.Липатова, 2;282-74-99;Директор: Кадочникова Татьяна Федоровна;http://s119.ru;55.967890;58.006779
Общеобразовательная;МАОУ "Средняя общеобразовательная школа № 120";г.Пермь, ул.Рабочая, 13;237-95-10;Директор: Дубровина Эллина Николаевна;http://www.school120.edusite.ru;56.196493;57.996215
Общеобразовательная;МБОУ "Средняя общеобразовательная школа № 121";г.Пермь, ул.Победы,46;251-41-21;Директор: Прямичкина Елена Владимировна;http://www.school121.com;55.925642;58.006893
Статусная;МАОУ "Средняя общеобразовательная школа № 122 с углубленным изучением иностранных языков";г.Пермь, ул.Сивкова, 3 б;280-29-29;Директор: Терехин Алексей Юрьевич;http://school-122.ru;56.221233;57.982723
Общеобразовательная;МАОУ "Средняя общеобразовательная школа № 123";г.Пермь, ул.Сестрорецкая, 13;263-89-73;Директор: Слободян Виталий Николаевич;http://vshkole123.ru/;56.438877;58.149303
Общеобразовательная;МАОУ "Средняя общеобразовательная школа № 124";г.Пермь, ул.Гусарова, 4;269-51-18;Директор: Кожухар Галина Петровна;http://school124.land.ru;56.223479;57.963546
Статусная;МАОУ "Средняя общеобразовательная школа № 127 с углубленным изучением отдельных предметов";г.Пермь, ул.Крупской, 80;281-95-66;Директор: Цейтлина Татьяна Ильинична;http://www.school127.perm.ru;56.294329;57.995948
Общеобразовательная;МАОУ "Средняя общеобразовательная школа № 129";г.Пермь, п.Н.Ляды, ул.Мира, 11;295-92-34;Директор: Чурилова Тамара Николаевна;http://www.school129.ucoz.ru;56.580909;58.050445
Общеобразовательная;МАОУ "Средняя общеобразовательная школа № 131";г.Пермь, ул.Генерала Черняховского, 72;275-75-05, 275-74-74;Директор: Оборина Ольга Геннадьевна;http://perm-school131.ucoz.ru;56.399189;58.086009
Статусная;МАОУ "Средняя общеобразовательная школа № 135 с углублённым изучением предметов образовательной области "Технология";г. Пермь, ул. Старцева, д. 9;266-69-67;Директор: Куляпин Алексей Сергеевич;http://www.school135.ru;56.234195;58.010259
Общеобразовательная;МАОУ "Средняя общеобразовательная школа № 136";г.Пермь, ул. Милиционера Власова, 37;223-94-89;Директор: Удников Александр Николаевич;http://perm.psu.ru/school136;56.170747;57.964863
Общеобразовательная;МБОУ "Средняя общеобразовательная школа № 14";г.Пермь, ул.М. Рыбалко, 101 б;252-77-82;Директор: Крохалев Владимир Дмитриевич;http://www.sc14perm.edusite.ru;55.972337;58.015742
Общеобразовательная;МАОУ "Средняя общеобразовательная школа № 140";г.Пермь, ул.Л.Толстого, 12;223-44-15;Директор: Березовская Ольга Маратовна;http://school140.perm.ru/;56.223182;57.987428
Статусная;МАОУ "Средняя общеобразовательная школа № 146 с углубленным изучением математики, физики и информатики";г.Пермь, ул.Боровая, 24а;235-29-05;Директор: Айдаров Юрий Рафаэлевич;http://s146.perm.ru;56.184016;57.997665
Статусная;МАОУ "Средняя общеобразовательная школа № 153 с углубленным изучением иностранных языков";г.Пермь, ул.Социалистическая, 6;284-32-57;Директор: Исаева Наталия Романовна;http://153school.ucoz.ru;56.381977;58.135076
Общеобразовательная;МАОУ "Средняя общеобразовательная школа № 16";г. Пермь, ул.Академика Веденеева, 71;2752615;Директор: Филипович Валентина Викторовна;http://www.moo-sch16.narod.ru;56.383585;58.106252
Общеобразовательная;МАОУ "Средняя общеобразовательная школа № 19";г.Пермь, ул.Адмирала Ушакова, 24;252-61-61, 283-52-42;Директор: Коренчук Александр Николаевич;http://school19perm.ucoz.ru/;56.027161;58.034744
Статусная;МАОУ "Средняя общеобразовательная школа № 2 с углубленным изучением предметов гуманитарного профиля";г.Пермь, ул.Советская, 33;212-32-54;Директор: Красносельских Валентина Леонидовна;http://school2.perm.ru;56.242505;58.015618
Общеобразовательная;МБОУ "Средняя общеобразовательная школа № 21";г.Пермь, ул.Сибирская, 23;212-57-40;Директор: Фролова Галина Николаевна;http://school21.permedu.ru;56.247383;58.012105
Статусная;МАОУ "Средняя общеобразовательная школа № 22 с углубленным изучением иностранных языков";г.Пермь, ул.Сибирская, 80;216-74-23;Директор: Червонных Алла Валерьевна;http://www.school22.perm.ru;56.261280;57.999692
Общеобразовательная;МАОУ "Средняя общеобразовательная школа № 24";г.Пермь, ул.Репина, 67а;285-29-68;Директор: Котельникова Ирина Николаевна;http://mouschool24.narod.ru/;56.285310;58.111426
Общеобразовательная;МАОУ "Средняя общеобразовательная школа № 25";г.Пермь, ул.Голева, 8;233-34-88;Директор: Погребицкая Екатерина Михайловна;http://school25.perm.ru;56.211468;57.997770
Общеобразовательная;МБОУ "Средняя общеобразовательная школа № 27";г.Пермь, ул.Шишкина, 18;282-92-44;Директор: Казанцева Светлана Георгиевна;http://www.school27-perm.ru;55.957981;58.007480
Общеобразовательная;МАОУ "Средняя общеобразовательная школа № 28";г.Пермь, ул.Луначарского, 4;212-51-11;Директор: Набалова Татьяна Ивановна;http://59320s004.edusite.ru;56.257111;58.012524
Общеобразовательная;МАОУ "Средняя общеобразовательная школа № 3";г. Пермь, ул. Карпинского, 86;223-10-78;Директор: Филиппов Сергей Николаевич;http://school3-perm.ru;56.208566;57.975331
Общеобразовательная;МАОУ "Средняя общеобразовательная школа № 30";г.Пермь, ул.Красноуральская, 37;267-01-40;Директор: Шляхов Юрий Михайлович;http://www.school-30.narod.ru;56.355450;58.060179
Общеобразовательная;МАОУ "Средняя общеобразовательная школа № 32";г.Пермь, ул.Советская, 102 а;237-33-06;Директор: Гликсон Александр Маркович;http://www.school32-perm.ru;56.214945;58.011375
Общеобразовательная;МАОУ "Средняя общеобразовательная школа № 34";г.Пермь, ул.Маяковского, 33;222-93-69;Директор: Щёлокова Светлана Викторовна;http://school34-perm.edusite.ru/;56.114675;58.003269
Общеобразовательная;МАОУ "Средняя общеобразовательная школа № 36";г.Пермь, ул.Лукоянова, 6;269-56-88;Директор: Колчанов Александр Леонидович;http://www.school36perm.ru;56.240160;57.957697
Общеобразовательная;МАОУ "Средняя общеобразовательная школа № 37";г.Пермь, ул.Кабельщиков, 21;274-33-87;Директор: Иванова Ольга Михайловна;http://shkola37.perm.ru/;56.292433;58.100284
Общеобразовательная;МАОУ "Средняя общеобразовательная школа № 40";г.Пермь, ул.Костычева, 33;213 - 76 - 22;Директор: Рупперт Ирина Эрнестовна;http://school40perm.ucoz.ru;56.131814;58.038403
Общеобразовательная;МАОУ "Средняя общеобразовательная школа № 41";г.Пермь, Серебрянский проезд, 9;242-60-58;Директор: Родионова Капитолина Николаевна;http://school41perm.narod.ru/;56.233171;57.976205
Общеобразовательная;МБОУ "Средняя общеобразовательная школа № 42";г.Пермь, ул.Нестерова, 18;280-96-49;Директор: Наугольных Наталия Викторовна;http://www.school42perm.ru;56.245155;57.993477
Статусная;МАОУ "Средняя общеобразовательная школа № 43 с углубленным изучением предметов художественно-эстетического цикла";г.Пермь,  Бульвар Гагарина, 75а;282-01-72;Директор: Деменева Анна Анатольевна;http://sc43.ucoz.ru;56.288750;58.000884
Общеобразовательная;МАОУ "Средняя общеобразовательная школа № 43" (дошкольные группы);г.Пермь, бул. Гагарина, 60а;263-28-26;Директор: Чегляева Людмила Кузьминична;;56.283486;58.000097
Общеобразовательная;МАОУ "Средняя общеобразовательная школа № 44";г.Пермь, пр. Парковый, 28;222-68-46;Директор: Чистякова Надежда Геннадьевна;http://www.школа44.рф;56.151407;57.996687
Общеобразовательная;МБОУ "Средняя общеобразовательная школа № 45";г.Пермь, ул.Валежная, 15;263-52-84;Директор: Вишницкая Анжелика Владимировна;http://45school.ucoz.org;56.375456;58.125881
Общеобразовательная;МБОУ "Средняя общеобразовательная школа № 48";г.Пермь, ул.Уральская, 67;260-21-24;Директор: Маланич Анжелика Петровна;http://prm-school48.jimdo.com;56.300922;58.029431
Общеобразовательная;МАОУ "Средняя общеобразовательная школа № 49";г.Пермь, ул.Лебедева, 28;265-96-33;Директор: Миллер Владимир Андреевич;http://www.sc-49.narod.ru;56.291391;58.023884
Статусная;МАОУ "Средняя общеобразовательная школа № 50 с углубленным изучением английского языка";г.Пермь, ул.Ким, 78;265-99-90;Директор: Мякина Ольга Эдуардовна;http://school50.perm.ru;56.289855;58.019146
Общеобразовательная;МАОУ "Средняя общеобразовательная школа № 52";г.Пермь, ул.Днепровская, 32;233-48-33;Директор: Баранова Светлана Николаевна;http://Schoolperm52.narod2.ru;56.283270;58.045868
Общеобразовательная;МАОУ "Средняя общеобразовательная школа № 55";г.Пермь,  ул.Вагонная, 22;213-05-27;Директор: Кычева Елена Юрьевна;http://www.shkola55perm.narod.ru/p1aa1.html;56.093142;58.050293
Общеобразовательная;МАОУ "Средняя общеобразовательная школа № 59";г.Пермь, проспект Парковый, 8а;222-62-10;Директор: Антонова Сильванера Константиновна;http://prm-sch59.edusite.ru;56.140869;57.995938
Общеобразовательная;МБОУ "Средняя общеобразовательная школа № 6";г.Пермь, ул. Екатерининская, 174;236-04-02;Директор: Соколова Галина Анатольевна;http://school6.aghost.biz/;56.218762;58.005877
Общеобразовательная;МАОУ "Средняя общеобразовательная школа № 60";г.Пермь, ул.Лодыгина, 14;269-00-60;Директор: Елисеева Ирина Анатольевна;http://школа60.рф/;56.234375;57.966100
Общеобразовательная;МАОУ "Средняя общеобразовательная школа № 61";г.Пермь, ул. Николая Островского, 46а;216-71-21;Директор: Арамилева Надежда Ивановна;http://www.school61-perm.ru;56.265205;58.008972
Общеобразовательная;МАОУ "Средняя общеобразовательная школа № 63";г.Пермь, ул.Воронежская, 8;251-76-25;Директор: Степанова Юлия Наильевна;http://sc63.my1.ru;55.841605;58.025733
Общеобразовательная;МАОУ "Средняя общеобразовательная школа № 64";г.Пермь, ул.Ласьвинская, 64а;283-09-11;Директор: Пунина Светлана Петровна;http://www.school64-perm.ucoz.ru;55.932146;58.009430
Статусная;МБОУ "Средняя общеобразовательная школа № 65 с углубленным изучением английского языка";г.Пермь, ул.Кировоградская, 53;283-28-40;Директор: Храмцов Василий Иванович;http://school65.permedu.ru;55.959877;58.002310
Статусная;МАОУ "Средняя общеобразовательная школа № 7 с углубленным изучением английского языка";г.Пермь, ул.Луначарского, 74 б;236-05-80;Директор: Бабенышев Олег Михайлович;http://www.sc7.perm.ru;56.231554;58.005882
Общеобразовательная;МАОУ "Средняя общеобразовательная школа № 70";г.Пермь, ул.А.Невского, 25;252-61-22, 282-97-72;Директор: Копылова Наталья Ивановна;http://www.s70perm.ru;55.948235;58.002096
Общеобразовательная;МАОУ "Средняя общеобразовательная школа № 71";г.Пермь, ул.Высокая, 6;213-10-74;Директор: Булычева Наталья Николаевна;http://www.sc71perm.ru;56.041839;58.044801
Общеобразовательная;МАОУ "Средняя общеобразовательная школа № 72";г.Пермь, ул.Мильчакова, 22;224-44-42;Директор: Симоненко Наталья Петровна;http://school72.e-stile.ru;56.229524;57.991893
Общеобразовательная;МАОУ "Средняя общеобразовательная школа № 74";г.Пермь, ул.И.Франко, 49;260-26-58;Директор: Полыгалова Татьяна Николаевна;http://school74.permedu.ru/;56.359448;58.062888
Общеобразовательная;МАОУ "Средняя общеобразовательная школа № 75";г.Пермь, Ш.Космонавтов, 195;226-18-91;Директор: Соколова Ольга Юрьевна;http://www.school75.fo.ru;56.161342;57.973589
Общеобразовательная;МАОУ "Средняя общеобразовательная школа № 76";г.Пермь, ул.Лодыгина, 48 а;269-56-83;Директор: Лепихина Татьяна Владимировна;http://www.school76perm.ru;56.213894;57.966768
Статусная;МБОУ "Средняя общеобразовательная школа № 77 с углубленным изучением английского языка";г. Пермь, ул.Героев Хасана, 18;281-26-41;Директор: Ухлова Ольга Владимировна;http://www.school77perm.ru;56.256590;57.990228
Общеобразовательная;МАОУ "Средняя общеобразовательная школа № 79";г.Пермь, ул.Томская, 30;263-69-61;Директор: Веселухина Венера Расульевна;http://sc79perm.ucoz.ru/;56.383621;58.136297
Общеобразовательная;МАОУ "Средняя общеобразовательная школа № 80";г.Пермь, ул.Маршала Толбухина, 33;274-02-04;Директор: Лукоянова Светлана Витальевна;http://skool80.ucoz.ru;56.301066;58.099557
Общеобразовательная;МАОУ "Средняя общеобразовательная школа № 81";г.Пермь, ул.Загарьинская, 6;268-70-97;Директор: Михалева Светлана Ивановна;http://school81.1class.ru/;56.274754;57.975422
Общеобразовательная;МАОУ "Средняя общеобразовательная школа № 82";г.Пермь, ул.Суздальская, 1;241-98-54;Директор: Тетерина Ольга Васильевна;http://school82-perm.ucoz.ru/;56.293026;57.981029
Общеобразовательная;МАОУ "Средняя общеобразовательная школа № 83";г.Пермь, Волгодонская, 20, а;251-26-72;Директор: Пономарев Олег Владимирович;http://s83perm.ru;56.006302;58.026038
Общеобразовательная;МАОУ "Средняя общеобразовательная школа № 84";г.Пермь, ул.Толмачева, 18;246-53-01;Директор: Никольская Вера Владимировна;http://school84.permedu.ru/;56.201703;58.007437
Общеобразовательная;МАОУ "Средняя общеобразовательная школа № 87";г.Пермь, ул.Закамская, 8;283-68-77;Директор: Санникова Надежда Валерьевна;http://school87.permedu.ru/;55.945845;57.997302
Общеобразовательная;МБОУ "Средняя общеобразовательная школа № 88";г.Пермь, ул.Пархоменко, 2;275-52-22;Директор: Шитоева Татьяна Германовна;http://schkola88.ucoz.ru;56.359879;58.081255
Статусная;МАОУ "Средняя общеобразовательная школа № 9 им.А.С. Пушкина с углубленным изучением предметов физико-математического цикла";г.Пермь, Комсомольский пр-т, 45;212-80-71;Директор: Курдина Наталия Анатольевна;http://pushkinschool9perm.wordpress.com;56.244544;58.003708
Общеобразовательная;МАОУ "Средняя общеобразовательная школа № 91";г.Пермь, ул Карпинского, 66;280-08-39;Директор: Логутов Владимир Иванович;http://school91.perm.ru;56.214181;57.979521
Общеобразовательная;МАОУ "Средняя общеобразовательная школа № 93";г.Пермь, ул.П.Осипенко, 46;241-29-35;Директор: Токарева Любовь Фёдоровна;http://s93perm.ru;56.258324;57.997612
Общеобразовательная;МАОУ "Средняя общеобразовательная школа № 96";г.Пермь, ул.К. Цеткин, 10;281-38-61;Директор: Синица Ирина Павловна;http://sc96perm.ru/;56.243852;57.986660
Общеобразовательная;МАОУ "Средняя общеобразовательная школа № 99";г.Пермь, Серебрянский проезд, 8;242-76-04;Директор: Кадрова Любовь Николаевна;http://Shk99.perm.ru;56.237879;57.975608
Вечерняя;МАОУ "Центр образования Индустриального района";г.Пермь, ул.Баумана, 5;221-85-27;Директор: Черняк Олег Аронович;http://co-perm.ru;56.199134;57.986698
Школа-интернат;МБС(К)ОУ для обучающихся, воспитанников с ограниченными возможностями здоровья "Специальная (коррекционная) общеобразовательная школа-интернат № 1 VII вида";г.Пермь, ул.Бушмакина, 26;284-68-62;Директор: Куликова Валентина Николаевна;http://school-inter1.ucoz.ru;56.397150;58.085005
Школа-интернат;МБС(К)ОУ для обучающихся, воспитанников с отклонениями в развитии "Школа-интернат № 113 VIII вида";г.Пермь, ул. Богдана Хмельницкого 13;251-46-85;Директор: Решетова Лариса Михайловна;http://школа-интернат113.рф/;55.930789;58.005529
Школа-интернат;МБС(К)ОУ для обучающихся,воспитанников с ограниченными возможностями здоровья"Специальная (коррекционная) общеобразовательная школа-интернат № 12 VIII вида";г.Пермь, ул.Доватора, 42;284-61-20;Директор: Шадрина Лариса Валентиновна;http://internat12.blogspot.com;56.386550;58.084824
Школа-интернат;МБС(К)ОУ для обучающихся, воспитанников с ограниченными возможностями здоровья "Специальная (коррекционная)общеобразовательная школа-интернат № 4 VI вида";г.Пермь,  ул.Вильямса, 40а;284-92-14;Директор: Зубарь Вера Николаевна;http://internat4-perm.ru;56.292891;58.099585
Школа-интернат;МБС(К)ОУ для обучающихся, воспитанников с ограниченными возможностями здоровья "Специальная (коррекционная) общеобразовательная школа-интернат № 6 V вида";г.Пермь, ул.Вильямса, 40;2746459;Директор: Пьянков  Алексей Юрьевич;http://school-internat6.blogspot.com/;56.292891;58.099585
Общеобразовательная;МАОУ "Общеобразовательная школа-интернат среднего (полного) общего образования № 85";г.Пермь, ул.Муромская, 32;294-55-65;Директор: Мазгарова Нафиса Хайбрахмановна;http://school85.permedu.ru;56.222580;57.974095
